2,Fe-FCC,246,0.88
5,Fe-FCC,458,1.21
6,Fe-FCC,595,1.38
7,Fe-FCC,1687,2.32
8,Fe-FCC,1692,2.32
10,Fe-FCC,1074,1.85
11,Fe-FCC,2944,3.06
12,Fe-FCC,43,0.37
13,Fe-FCC,935,1.73
14,Fe-FCC,98,0.56
15,Fe-FCC,365,1.08
19,Fe-FCC,1392,2.1
20,Fe-FCC,486,1.24
21,Fe-FCC,18,0.24
22,Fe-FCC,1809,2.4
23,Fe-FCC,64,0.45
24,Fe-FCC,974,1.76
27,Fe-FCC,146,0.68
29,Fe-FCC,154,0.7
30,Fe-FCC,19,0.25
33,Fe-FCC,174,0.74
34,Fe-FCC,64,0.45
37,Fe-FCC,138,0.66
38,Fe-FCC,361,1.07
42,Fe-FCC,137,0.66
43,Fe-FCC,52,0.41
44,Fe-FCC,33,0.32
52,Fe-FCC,55,0.42
53,Fe-FCC,797,1.59
57,Fe-FCC,964,1.75
58,Fe-FCC,55,0.42
61,Fe-FCC,71,0.48
62,Fe-FCC,340,1.04
63,Fe-FCC,33,0.32
66,Fe-FCC,747,1.54
68,Fe-FCC,815,1.61
69,Fe-FCC,69,0.47
70,Fe-FCC,1838,2.42
74,Fe-FCC,19,0.25
83,Fe-FCC,584,1.36
84,Fe-FCC,551,1.32
97,Fe-FCC,178,0.75
104,Fe-FCC,29,0.3
105,Fe-FCC,15,0.22
106,Fe-FCC,293,0.97
116,Fe-FCC,1005,1.79
120,Fe-FCC,2129,2.6
129,Fe-FCC,20,0.25
136,Fe-FCC,134,0.65
144,Fe-FCC,105,0.58
146,Fe-FCC,247,0.89
147,Fe-FCC,108,0.59
149,Fe-FCC,377,1.1
154,Fe-FCC,3543,3.36
162,Fe-FCC,179,0.75
170,Fe-FCC,54,0.41
180,Fe-FCC,11,0.19
189,Fe-FCC,2114,2.59
191,Fe-FCC,421,1.16
193,Fe-FCC,95,0.55
198,Fe-FCC,34,0.33
204,Fe-FCC,131,0.65
207,Fe-FCC,905,1.7
210,Fe-FCC,133,0.65
215,Fe-FCC,2779,2.97
218,Fe-FCC,25,0.28
222,Fe-FCC,651,1.44
223,Fe-FCC,429,1.17
231,Fe-FCC,123,0.63
232,Fe-FCC,137,0.66
254,Fe-FCC,63,0.45
259,Fe-FCC,339,1.04
260,Fe-FCC,477,1.23
266,Fe-FCC,536,1.31
268,Fe-FCC,262,0.91
272,Fe-FCC,2618,2.89
274,Fe-FCC,1181,1.94
275,Fe-FCC,106,0.58
281,Fe-FCC,1514,2.2
290,Fe-FCC,35,0.33
300,Fe-FCC,102,0.57
305,Fe-FCC,151,0.69
315,Fe-FCC,97,0.56
320,Fe-FCC,365,1.08
321,Fe-FCC,1120,1.89
328,Fe-FCC,255,0.9
333,Fe-FCC,872,1.67
337,Fe-FCC,67,0.46
338,Fe-FCC,171,0.74
342,Fe-FCC,740,1.53
343,Fe-FCC,283,0.95
345,Fe-FCC,148,0.69
350,Fe-FCC,572,1.35
366,Fe-FCC,99,0.56
369,Fe-FCC,10,0.18
371,Fe-FCC,69,0.47
374,Fe-FCC,261,0.91
375,Fe-FCC,16,0.23
383,Fe-FCC,137,0.66
395,Fe-FCC,1297,2.03
396,Fe-FCC,68,0.47
402,Fe-FCC,156,0.7
409,Fe-FCC,1008,1.79
413,Fe-FCC,1502,2.19
420,Fe-FCC,37,0.34
427,Fe-FCC,133,0.65
432,Fe-FCC,757,1.55
467,Fe-FCC,75,0.49
469,Fe-FCC,327,1.02
472,Fe-FCC,67,0.46
477,Fe-FCC,629,1.41
480,Fe-FCC,210,0.82
489,Fe-FCC,149,0.69
492,Fe-FCC,351,1.06
504,Fe-FCC,1319,2.05
508,Fe-FCC,1216,1.97
512,Fe-FCC,19,0.25
514,Fe-FCC,189,0.78
515,Fe-FCC,36,0.34
517,Fe-FCC,257,0.9
530,Fe-FCC,125,0.63
533,Fe-FCC,524,1.29
535,Fe-FCC,561,1.34
540,Fe-FCC,125,0.63
547,Fe-FCC,312,1
551,Fe-FCC,63,0.45
554,Fe-FCC,106,0.58
579,Fe-FCC,504,1.27
580,Fe-FCC,229,0.85
584,Fe-FCC,94,0.55
585,Fe-FCC,149,0.69
603,Fe-FCC,469,1.22
609,Fe-FCC,124,0.63
617,Fe-FCC,64,0.45
634,Fe-FCC,512,1.28
649,Fe-FCC,403,1.13
657,Fe-FCC,362,1.07
661,Fe-FCC,10,0.18
667,Fe-FCC,215,0.83
682,Fe-FCC,279,0.94
691,Fe-FCC,641,1.43
697,Fe-FCC,210,0.82
704,Fe-FCC,213,0.82
705,Fe-FCC,329,1.02
721,Fe-FCC,880,1.67
725,Fe-FCC,200,0.8
727,Fe-FCC,212,0.82
735,Fe-FCC,95,0.55
742,Fe-FCC,372,1.09
746,Fe-FCC,1426,2.13
760,Fe-FCC,659,1.45
765,Fe-FCC,10,0.18
767,Fe-FCC,797,1.59
804,Fe-FCC,392,1.12
806,Fe-FCC,91,0.54
812,Fe-FCC,183,0.76
813,Fe-FCC,72,0.48
817,Fe-FCC,91,0.54
832,Fe-FCC,1440,2.14
835,Fe-FCC,11,0.19
844,Fe-FCC,1915,2.47
857,Fe-FCC,117,0.61
866,Fe-FCC,62,0.44
873,Fe-FCC,213,0.82
877,Fe-FCC,42,0.37
880,Fe-FCC,62,0.44
891,Fe-FCC,42,0.37
898,Fe-FCC,365,1.08
901,Fe-FCC,58,0.43
906,Fe-FCC,317,1
913,Fe-FCC,272,0.93
915,Fe-FCC,1417,2.12
932,Fe-FCC,95,0.55
936,Fe-FCC,362,1.07
937,Fe-FCC,269,0.93
947,Fe-FCC,473,1.23
962,Fe-FCC,122,0.62
965,Fe-FCC,138,0.66
969,Fe-FCC,15,0.22
970,Fe-FCC,68,0.47
971,Fe-FCC,30,0.31
978,Fe-FCC,1022,1.8
981,Fe-FCC,23,0.27
989,Fe-FCC,17,0.23
992,Fe-FCC,135,0.66
994,Fe-FCC,253,0.9
1019,Fe-FCC,304,0.98
1020,Fe-FCC,495,1.26
1024,Fe-FCC,257,0.9
1027,Fe-FCC,577,1.36
1029,Fe-FCC,242,0.88
1031,Fe-FCC,68,0.47
1034,Fe-FCC,436,1.18
1037,Fe-FCC,42,0.37
1042,Fe-FCC,11,0.19
1044,Fe-FCC,24,0.28
1059,Fe-FCC,401,1.13
1062,Fe-FCC,68,0.47
1067,Fe-FCC,212,0.82
1073,Fe-FCC,29,0.3
1077,Fe-FCC,32,0.32
1078,Fe-FCC,158,0.71
1086,Fe-FCC,52,0.41
1090,Fe-FCC,1134,1.9
1093,Fe-FCC,3298,3.24
1103,Fe-FCC,23,0.27
1115,Fe-FCC,14,0.21
1121,Fe-FCC,74,0.49
1122,Fe-FCC,206,0.81
1124,Fe-FCC,109,0.59
1131,Fe-FCC,584,1.36
1133,Fe-FCC,61,0.44
1134,Fe-FCC,475,1.23
1135,Fe-FCC,599,1.38
1137,Fe-FCC,89,0.53
1138,Fe-FCC,573,1.35
1144,Fe-FCC,18,0.24
1147,Fe-FCC,40,0.36
1148,Fe-FCC,220,0.84
1151,Fe-FCC,10,0.18
1156,Fe-FCC,99,0.56
1158,Fe-FCC,512,1.28
1160,Fe-FCC,191,0.78
1174,Fe-FCC,332,1.03
1177,Fe-FCC,57,0.43
1186,Fe-FCC,65,0.45
1187,Fe-FCC,46,0.38
1189,Fe-FCC,38,0.35
1203,Fe-FCC,154,0.7
1205,Fe-FCC,374,1.09
1207,Fe-FCC,15,0.22
1209,Fe-FCC,1318,2.05
1212,Fe-FCC,55,0.42
1222,Fe-FCC,470,1.22
1225,Fe-FCC,221,0.84
1232,Fe-FCC,1309,2.04
1261,Fe-FCC,177,0.75
1267,Fe-FCC,831,1.63
1282,Fe-FCC,393,1.12
1293,Fe-FCC,799,1.59
1295,Fe-FCC,74,0.49
1301,Fe-FCC,568,1.34
1303,Fe-FCC,60,0.44
1311,Fe-FCC,10,0.18
1319,Fe-FCC,238,0.87
1338,Fe-FCC,25,0.28
1364,Fe-FCC,22,0.26
1383,Fe-FCC,294,0.97
1386,Fe-FCC,554,1.33
1388,Fe-FCC,302,0.98
1390,Fe-FCC,227,0.85
1400,Fe-FCC,79,0.5
1401,Fe-FCC,30,0.31
1403,Fe-FCC,14,0.21
1405,Fe-FCC,516,1.28
1406,Fe-FCC,13,0.2
1407,Fe-FCC,97,0.56
1409,Fe-FCC,524,1.29
1413,Fe-FCC,387,1.11
1418,Fe-FCC,35,0.33
1419,Fe-FCC,242,0.88
1421,Fe-FCC,99,0.56
1427,Fe-FCC,97,0.56
1432,Fe-FCC,79,0.5
1434,Fe-FCC,144,0.68
1444,Fe-FCC,108,0.59
1455,Fe-FCC,760,1.56
1460,Fe-FCC,133,0.65
1462,Fe-FCC,18,0.24
1463,Fe-FCC,14,0.21
1464,Fe-FCC,10,0.18
1465,Fe-FCC,36,0.34
1470,Fe-FCC,114,0.6
1472,Fe-FCC,16,0.23
1473,Fe-FCC,1009,1.79
1482,Fe-FCC,262,0.91
1490,Fe-FCC,356,1.06
1496,Fe-FCC,597,1.38
1499,Fe-FCC,121,0.62
1513,Fe-FCC,357,1.07
1519,Fe-FCC,83,0.51
1520,Fe-FCC,227,0.85
1523,Fe-FCC,399,1.13
1526,Fe-FCC,87,0.53
1535,Fe-FCC,46,0.38
1536,Fe-FCC,193,0.78
1540,Fe-FCC,47,0.39
1542,Fe-FCC,140,0.67
1551,Fe-FCC,166,0.73
1556,Fe-FCC,173,0.74
1563,Fe-FCC,16,0.23
1573,Fe-FCC,1682,2.31
1577,Fe-FCC,254,0.9
1592,Fe-FCC,42,0.37
1593,Fe-FCC,241,0.88
1601,Fe-FCC,642,1.43
1609,Fe-FCC,175,0.75
1615,Fe-FCC,184,0.77
1617,Fe-FCC,290,0.96
1621,Fe-FCC,342,1.04
1628,Fe-FCC,170,0.74
1629,Fe-FCC,78,0.5
1638,Fe-FCC,19,0.25
1639,Fe-FCC,241,0.88
1640,Fe-FCC,13,0.2
1642,Fe-FCC,45,0.38
1649,Fe-FCC,28,0.3
1652,Fe-FCC,406,1.14
1659,Fe-FCC,474,1.23
1661,Fe-FCC,114,0.6
1663,Fe-FCC,56,0.42
1669,Fe-FCC,634,1.42
1672,Fe-FCC,16,0.23
1673,Fe-FCC,159,0.71
1681,Fe-FCC,176,0.75
1684,Fe-FCC,508,1.27
1685,Fe-FCC,662,1.45
1690,Fe-FCC,140,0.67
1691,Fe-FCC,1739,2.35
1701,Fe-FCC,181,0.76
1713,Fe-FCC,70,0.47
1721,Fe-FCC,41,0.36
1728,Fe-FCC,250,0.89
1741,Fe-FCC,476,1.23
1743,Fe-FCC,84,0.52
1745,Fe-FCC,1154,1.92
1746,Fe-FCC,13,0.2
1750,Fe-FCC,361,1.07
1755,Fe-FCC,1454,2.15
1757,Fe-FCC,14,0.21
1758,Fe-FCC,62,0.44
1759,Fe-FCC,38,0.35
1762,Fe-FCC,22,0.26
1768,Fe-FCC,138,0.66
1772,Fe-FCC,12,0.2
1777,Fe-FCC,97,0.56
1781,Fe-FCC,179,0.75
1784,Fe-FCC,164,0.72
1786,Fe-FCC,1194,1.95
1789,Fe-FCC,13,0.2
1792,Fe-FCC,10,0.18
1795,Fe-FCC,337,1.04
1801,Fe-FCC,12,0.2
1805,Fe-FCC,122,0.62
1808,Fe-FCC,123,0.63
1811,Fe-FCC,518,1.28
1815,Fe-FCC,632,1.42
1818,Fe-FCC,205,0.81
1819,Fe-FCC,260,0.91
1821,Fe-FCC,1428,2.13
1822,Fe-FCC,27,0.29
1828,Fe-FCC,228,0.85
1833,Fe-FCC,58,0.43
1834,Fe-FCC,78,0.5
1836,Fe-FCC,77,0.5
1847,Fe-FCC,79,0.5
1852,Fe-FCC,65,0.45
1854,Fe-FCC,156,0.7
1859,Fe-FCC,31,0.31
1889,Fe-FCC,64,0.45
1893,Fe-FCC,28,0.3
1898,Fe-FCC,10,0.18
1905,Fe-FCC,23,0.27
1906,Fe-FCC,138,0.66
1910,Fe-FCC,61,0.44
1914,Fe-FCC,169,0.73
1916,Fe-FCC,281,0.95
1923,Fe-FCC,52,0.41
1926,Fe-FCC,118,0.61
1927,Fe-FCC,225,0.85
1932,Fe-FCC,571,1.35
1937,Fe-FCC,518,1.28
1939,Fe-FCC,663,1.45
1943,Fe-FCC,635,1.42
1944,Fe-FCC,82,0.51
1945,Fe-FCC,1155,1.92
1948,Fe-FCC,498,1.26
1954,Fe-FCC,1216,1.97
1955,Fe-FCC,35,0.33
1960,Fe-FCC,160,0.71
1968,Fe-FCC,1682,2.31
1971,Fe-FCC,96,0.55
1981,Fe-FCC,34,0.33
2000,Fe-FCC,628,1.41
2002,Fe-FCC,140,0.67
2004,Fe-FCC,14,0.21
2007,Fe-FCC,828,1.62
2013,Fe-FCC,47,0.39
2018,Fe-FCC,1680,2.31
2019,Fe-FCC,68,0.47
2022,Fe-FCC,133,0.65
2026,Fe-FCC,796,1.59
2027,Fe-FCC,13,0.2
2028,Fe-FCC,277,0.94
2033,Fe-FCC,46,0.38
2036,Fe-FCC,144,0.68
2041,Fe-FCC,434,1.18
2045,Fe-FCC,33,0.32
2046,Fe-FCC,487,1.25
2051,Fe-FCC,540,1.31
2070,Fe-FCC,11,0.19
2072,Fe-FCC,94,0.55
2077,Fe-FCC,67,0.46
2087,Fe-FCC,14,0.21
2103,Fe-FCC,17,0.23
2109,Fe-FCC,803,1.6
2116,Fe-FCC,22,0.26
2117,Fe-FCC,344,1.05
2126,Fe-FCC,121,0.62
2129,Fe-FCC,42,0.37
2130,Fe-FCC,1479,2.17
2150,Fe-FCC,213,0.82
2160,Fe-FCC,598,1.38
2176,Fe-FCC,125,0.63
2179,Fe-FCC,618,1.4
2187,Fe-FCC,80,0.5
2205,Fe-FCC,17,0.23
2207,Fe-FCC,115,0.61
2208,Fe-FCC,151,0.69
2222,Fe-FCC,11,0.19
2223,Fe-FCC,540,1.31
2226,Fe-FCC,101,0.57
2228,Fe-FCC,282,0.95
2237,Fe-FCC,37,0.34
2248,Fe-FCC,187,0.77
2250,Fe-FCC,284,0.95
2261,Fe-FCC,170,0.74
2272,Fe-FCC,18,0.24
2273,Fe-FCC,1049,1.83
2285,Fe-FCC,391,1.12
2291,Fe-FCC,1589,2.25
2295,Fe-FCC,261,0.91
2298,Fe-FCC,651,1.44
2300,Fe-FCC,1388,2.1
2301,Fe-FCC,36,0.34
2302,Fe-FCC,192,0.78
2304,Fe-FCC,56,0.42
2316,Fe-FCC,21,0.26
2317,Fe-FCC,77,0.5
2321,Fe-FCC,184,0.77
2322,Fe-FCC,202,0.8
2326,Fe-FCC,134,0.65
2334,Fe-FCC,104,0.58
2341,Fe-FCC,617,1.4
2342,Fe-FCC,745,1.54
2349,Fe-FCC,23,0.27
2352,Fe-FCC,269,0.93
2357,Fe-FCC,14,0.21
2358,Fe-FCC,187,0.77
2364,Fe-FCC,93,0.54
2367,Fe-FCC,172,0.74
2374,Fe-FCC,95,0.55
2375,Fe-FCC,632,1.42
2379,Fe-FCC,35,0.33
2381,Fe-FCC,224,0.84
2385,Fe-FCC,985,1.77
2393,Fe-FCC,22,0.26
2396,Fe-FCC,187,0.77
2397,Fe-FCC,183,0.76
2400,Fe-FCC,141,0.67
2401,Fe-FCC,88,0.53
2407,Fe-FCC,34,0.33
2416,Fe-FCC,176,0.75
2421,Fe-FCC,392,1.12
2426,Fe-FCC,29,0.3
2427,Fe-FCC,66,0.46
2429,Fe-FCC,124,0.63
2430,Fe-FCC,568,1.34
2440,Fe-FCC,480,1.24
2457,Fe-FCC,1640,2.28
2459,Fe-FCC,91,0.54
2463,Fe-FCC,1480,2.17
2464,Fe-FCC,15,0.22
2465,Fe-FCC,108,0.59
2472,Fe-FCC,434,1.18
2475,Fe-FCC,358,1.07
2484,Fe-FCC,37,0.34
2485,Fe-FCC,643,1.43
2487,Fe-FCC,24,0.28
2488,Fe-FCC,134,0.65
2491,Fe-FCC,214,0.83
2499,Fe-FCC,361,1.07
2500,Fe-FCC,323,1.01
2506,Fe-FCC,1177,1.94
2507,Fe-FCC,12,0.2
2512,Fe-FCC,2487,2.81
2515,Fe-FCC,23,0.27
2516,Fe-FCC,136,0.66
2530,Fe-FCC,1015,1.8
2534,Fe-FCC,510,1.27
2541,Fe-FCC,737,1.53
2553,Fe-FCC,191,0.78
2563,Fe-FCC,123,0.63
2583,Fe-FCC,410,1.14
2588,Fe-FCC,233,0.86
2595,Fe-FCC,87,0.53
2598,Fe-FCC,696,1.49
2605,Fe-FCC,207,0.81
2609,Fe-FCC,14,0.21
2612,Fe-FCC,112,0.6
2613,Fe-FCC,21,0.26
2615,Fe-FCC,224,0.84
2621,Fe-FCC,389,1.11
2623,Fe-FCC,55,0.42
2627,Fe-FCC,211,0.82
2631,Fe-FCC,87,0.53
2641,Fe-FCC,50,0.4
2642,Fe-FCC,16,0.23
2656,Fe-FCC,535,1.3
2668,Fe-FCC,821,1.62
2677,Fe-FCC,738,1.53
2678,Fe-FCC,935,1.73
2683,Fe-FCC,47,0.39
2689,Fe-FCC,152,0.7
2692,Fe-FCC,779,1.57
2693,Fe-FCC,849,1.64
2698,Fe-FCC,177,0.75
2699,Fe-FCC,570,1.35
2704,Fe-FCC,58,0.43
2710,Fe-FCC,524,1.29
2711,Fe-FCC,158,0.71
2715,Fe-FCC,69,0.47
2719,Fe-FCC,50,0.4
2721,Fe-FCC,428,1.17
2726,Fe-FCC,1340,2.07
2732,Fe-FCC,317,1
2739,Fe-FCC,455,1.2
2743,Fe-FCC,76,0.49
2744,Fe-FCC,2257,2.68
2752,Fe-FCC,65,0.45
2757,Fe-FCC,474,1.23
2758,Fe-FCC,37,0.34
2770,Fe-FCC,232,0.86
2779,Fe-FCC,81,0.51
2789,Fe-FCC,67,0.46
2792,Fe-FCC,986,1.77
2793,Fe-FCC,330,1.02
2800,Fe-FCC,721,1.51
2816,Fe-FCC,285,0.95
2817,Fe-FCC,134,0.65
2821,Fe-FCC,704,1.5
2822,Fe-FCC,746,1.54
2827,Fe-FCC,365,1.08
2830,Fe-FCC,936,1.73
2835,Fe-FCC,860,1.65
2841,Fe-FCC,836,1.63
2877,Fe-FCC,385,1.11
2883,Fe-FCC,11,0.19
2886,Fe-FCC,64,0.45
2889,Fe-FCC,1268,2.01
2892,Fe-FCC,3122,3.15
2893,Fe-FCC,559,1.33
2894,Fe-FCC,126,0.63
2900,Fe-FCC,1213,1.96
2901,Fe-FCC,146,0.68
2902,Fe-FCC,260,0.91
2903,Fe-FCC,459,1.21
2913,Fe-FCC,361,1.07
2914,Fe-FCC,23,0.27
2915,Fe-FCC,15,0.22
2925,Fe-FCC,407,1.14
2931,Fe-FCC,253,0.9
2935,Fe-FCC,492,1.25
2936,Fe-FCC,91,0.54
2941,Fe-FCC,83,0.51
2944,Fe-FCC,26,0.29
2946,Fe-FCC,479,1.23
2949,Fe-FCC,453,1.2
2950,Fe-FCC,186,0.77
2954,Fe-FCC,26,0.29
2966,Fe-FCC,1424,2.13
2967,Fe-FCC,19,0.25
2974,Fe-FCC,17,0.23
2975,Fe-FCC,13,0.2
2976,Fe-FCC,3889,3.52
2981,Fe-FCC,446,1.19
2989,Fe-FCC,309,0.99
3016,Fe-FCC,136,0.66
3018,Fe-FCC,183,0.76
3020,Fe-FCC,471,1.22
3022,Fe-FCC,54,0.41
3037,Fe-FCC,227,0.85
3041,Fe-FCC,639,1.43
3042,Fe-FCC,50,0.4
3045,Fe-FCC,63,0.45
3052,Fe-FCC,129,0.64
3054,Fe-FCC,66,0.46
3067,Fe-FCC,637,1.42
3068,Fe-FCC,221,0.84
3070,Fe-FCC,657,1.45
3076,Fe-FCC,14,0.21
3085,Fe-FCC,1032,1.81
3100,Fe-FCC,34,0.33
3102,Fe-FCC,36,0.34
3103,Fe-FCC,435,1.18
3113,Fe-FCC,35,0.33
3123,Fe-FCC,1208,1.96
3124,Fe-FCC,622,1.41
3129,Fe-FCC,70,0.47
3131,Fe-FCC,228,0.85
3132,Fe-FCC,30,0.31
3134,Fe-FCC,413,1.15
3138,Fe-FCC,200,0.8
3139,Fe-FCC,536,1.31
3144,Fe-FCC,146,0.68
3154,Fe-FCC,119,0.62
3166,Fe-FCC,200,0.8
3167,Fe-FCC,83,0.51
3169,Fe-FCC,381,1.1
3172,Fe-FCC,73,0.48
3175,Fe-FCC,4266,3.68
3182,Fe-FCC,91,0.54
3185,Fe-FCC,891,1.68
3186,Fe-FCC,115,0.61
3191,Fe-FCC,622,1.41
3194,Fe-FCC,17,0.23
3195,Fe-FCC,12,0.2
3200,Fe-FCC,277,0.94
3206,Fe-FCC,469,1.22
3209,Fe-FCC,82,0.51
3218,Fe-FCC,214,0.83
3227,Fe-FCC,95,0.55
3233,Fe-FCC,1724,2.34
3244,Fe-FCC,93,0.54
3245,Fe-FCC,13,0.2
3249,Fe-FCC,188,0.77
3253,Fe-FCC,558,1.33
3259,Fe-FCC,374,1.09
3260,Fe-FCC,317,1
3268,Fe-FCC,1884,2.45
3270,Fe-FCC,5561,4.21
3277,Fe-FCC,1204,1.96
3278,Fe-FCC,17,0.23
3284,Fe-FCC,34,0.33
3289,Fe-FCC,255,0.9
3290,Fe-FCC,103,0.57
3292,Fe-FCC,42,0.37
3299,Fe-FCC,86,0.52
3305,Fe-FCC,80,0.5
3309,Fe-FCC,31,0.31
3310,Fe-FCC,228,0.85
3311,Fe-FCC,135,0.66
3313,Fe-FCC,17,0.23
3314,Fe-FCC,247,0.89
3323,Fe-FCC,67,0.46
3333,Fe-FCC,242,0.88
3334,Fe-FCC,29,0.3
3337,Fe-FCC,187,0.77
3344,Fe-FCC,596,1.38
3346,Fe-FCC,1139,1.9
3353,Fe-FCC,141,0.67
3362,Fe-FCC,342,1.04
3367,Fe-FCC,494,1.25
3372,Fe-FCC,132,0.65
3384,Fe-FCC,1119,1.89
3401,Fe-FCC,719,1.51
3402,Fe-FCC,97,0.56
3409,Fe-FCC,28,0.3
3422,Fe-FCC,54,0.41
3424,Fe-FCC,46,0.38
3427,Fe-FCC,57,0.43
3429,Fe-FCC,1133,1.9
3437,Fe-FCC,322,1.01
3439,Fe-FCC,10,0.18
3443,Fe-FCC,271,0.93
3447,Fe-FCC,346,1.05
3452,Fe-FCC,774,1.57
3457,Fe-FCC,1669,2.3
3461,Fe-FCC,60,0.44
3466,Fe-FCC,51,0.4
3475,Fe-FCC,373,1.09
3476,Fe-FCC,457,1.21
3484,Fe-FCC,4331,3.71
3490,Fe-FCC,13,0.2
3494,Fe-FCC,159,0.71
3501,Fe-FCC,644,1.43
3510,Fe-FCC,14,0.21
3517,Fe-FCC,10,0.18
3519,Fe-FCC,803,1.6
3520,Fe-FCC,90,0.54
3526,Fe-FCC,198,0.79
3531,Fe-FCC,500,1.26
3534,Fe-FCC,99,0.56
3537,Fe-FCC,13,0.2
3552,Fe-FCC,594,1.38
3556,Fe-FCC,138,0.66
3563,Fe-FCC,578,1.36
3567,Fe-FCC,1961,2.5
3575,Fe-FCC,109,0.59
3590,Fe-FCC,792,1.59
3594,Fe-FCC,1270,2.01
3609,Fe-FCC,274,0.93
3613,Fe-FCC,5173,4.06
3617,Fe-FCC,456,1.2
3624,Fe-FCC,90,0.54
3627,Fe-FCC,840,1.64
3629,Fe-FCC,177,0.75
3632,Fe-FCC,259,0.91
3636,Fe-FCC,423,1.16
3649,Fe-FCC,171,0.74
3674,Fe-FCC,22,0.26
3694,Fe-FCC,852,1.65
3700,Fe-FCC,41,0.36
3707,Fe-FCC,35,0.33
3708,Fe-FCC,16,0.23
3710,Fe-FCC,384,1.11
3731,Fe-FCC,322,1.01
3733,Fe-FCC,3461,3.32
3735,Fe-FCC,10,0.18
3754,Fe-FCC,146,0.68
3762,Fe-FCC,743,1.54
3769,Fe-FCC,15,0.22
3774,Fe-FCC,12,0.2
3775,Fe-FCC,33,0.32
3776,Fe-FCC,699,1.49
3786,Fe-FCC,2210,2.65
3795,Fe-FCC,138,0.66
3797,Fe-FCC,323,1.01
3799,Fe-FCC,1432,2.13
3803,Fe-FCC,1412,2.12
3804,Fe-FCC,13,0.2
3818,Fe-FCC,1122,1.89
3829,Fe-FCC,1504,2.19
3839,Fe-FCC,405,1.14
3841,Fe-FCC,238,0.87
3846,Fe-FCC,673,1.46
3850,Fe-FCC,1323,2.05
3856,Fe-FCC,404,1.13
3871,Fe-FCC,43,0.37
3888,Fe-FCC,1317,2.05
3893,Fe-FCC,699,1.49
3899,Fe-FCC,90,0.54
3905,Fe-FCC,15,0.22
3906,Fe-FCC,118,0.61
3915,Fe-FCC,45,0.38
3924,Fe-FCC,107,0.58
3930,Fe-FCC,40,0.36
3944,Fe-FCC,341,1.04
3953,Fe-FCC,38,0.35
3956,Fe-FCC,416,1.15
3959,Fe-FCC,242,0.88
3964,Fe-FCC,192,0.78
3974,Fe-FCC,1877,2.44
3975,Fe-FCC,292,0.96
3982,Fe-FCC,344,1.05
3990,Fe-FCC,357,1.07
4008,Fe-FCC,1537,2.21
4011,Fe-FCC,360,1.07
4014,Fe-FCC,88,0.53
4022,Fe-FCC,68,0.47
4030,Fe-FCC,11,0.19
4036,Fe-FCC,25,0.28
4048,Fe-FCC,344,1.05
4052,Fe-FCC,108,0.59
4053,Fe-FCC,428,1.17
4057,Fe-FCC,1113,1.88
4068,Fe-FCC,936,1.73
4083,Fe-FCC,1775,2.38
4090,Fe-FCC,93,0.54
4091,Fe-FCC,102,0.57
4096,Fe-FCC,135,0.66
4105,Fe-FCC,326,1.02
4108,Fe-FCC,82,0.51
4124,Fe-FCC,681,1.47
4126,Fe-FCC,149,0.69
4127,Fe-FCC,151,0.69
4131,Fe-FCC,46,0.38
4140,Fe-FCC,346,1.05
4141,Fe-FCC,42,0.37
4143,Fe-FCC,214,0.83
4159,Fe-FCC,84,0.52
4172,Fe-FCC,255,0.9
4181,Fe-FCC,189,0.78
4184,Fe-FCC,98,0.56
4185,Fe-FCC,78,0.5
4188,Fe-FCC,194,0.79
4189,Fe-FCC,1064,1.84
4196,Fe-FCC,403,1.13
4200,Fe-FCC,11,0.19
4230,Fe-FCC,104,0.58
4232,Fe-FCC,1316,2.05
4235,Fe-FCC,2213,2.65
4244,Fe-FCC,388,1.11
4245,Fe-FCC,530,1.3
4246,Fe-FCC,463,1.21
4254,Fe-FCC,1568,2.23
4256,Fe-FCC,180,0.76
4270,Fe-FCC,401,1.13
4304,Fe-FCC,87,0.53
4307,Fe-FCC,221,0.84
4312,Fe-FCC,945,1.73
4332,Fe-FCC,37,0.34
4341,Fe-FCC,189,0.78
4344,Fe-FCC,2118,2.6
4365,Fe-FCC,153,0.7
4367,Fe-FCC,94,0.55
4368,Fe-FCC,184,0.77
4369,Fe-FCC,49,0.39
4372,Fe-FCC,1421,2.13
4380,Fe-FCC,606,1.39
4384,Fe-FCC,470,1.22
4391,Fe-FCC,81,0.51
4394,Fe-FCC,1556,2.23
4395,Fe-FCC,321,1.01
4398,Fe-FCC,299,0.98
4401,Fe-FCC,98,0.56
4413,Fe-FCC,16,0.23
4418,Fe-FCC,321,1.01
4421,Fe-FCC,911,1.7
4423,Fe-FCC,146,0.68
4434,Fe-FCC,55,0.42
4435,Fe-FCC,39,0.35
4436,Fe-FCC,147,0.68
4439,Fe-FCC,238,0.87
4440,Fe-FCC,273,0.93
4441,Fe-FCC,685,1.48
4449,Fe-FCC,109,0.59
4451,Fe-FCC,556,1.33
4456,Fe-FCC,463,1.21
4466,Fe-FCC,113,0.6
4467,Fe-FCC,685,1.48
4473,Fe-FCC,75,0.49
4476,Fe-FCC,366,1.08
4477,Fe-FCC,19,0.25
4480,Fe-FCC,157,0.71
4481,Fe-FCC,129,0.64
4484,Fe-FCC,219,0.83
4485,Fe-FCC,309,0.99
4487,Fe-FCC,19,0.25
4496,Fe-FCC,538,1.31
4498,Fe-FCC,288,0.96
4509,Fe-FCC,109,0.59
4510,Fe-FCC,40,0.36
4512,Fe-FCC,941,1.73
4521,Fe-FCC,35,0.33
4526,Fe-FCC,1037,1.82
4541,Fe-FCC,1118,1.89
4563,Fe-FCC,81,0.51
4579,Fe-FCC,469,1.22
4580,Fe-FCC,668,1.46
4587,Fe-FCC,12,0.2
4590,Fe-FCC,15,0.22
4591,Fe-FCC,99,0.56
4594,Fe-FCC,189,0.78
4595,Fe-FCC,677,1.47
4598,Fe-FCC,385,1.11
4607,Fe-FCC,902,1.69
4614,Fe-FCC,331,1.03
4620,Fe-FCC,2192,2.64
4629,Fe-FCC,146,0.68
4634,Fe-FCC,188,0.77
4636,Fe-FCC,103,0.57
4638,Fe-FCC,764,1.56
4641,Fe-FCC,114,0.6
4652,Fe-FCC,83,0.51
4654,Fe-FCC,22,0.26
4657,Fe-FCC,369,1.08
4663,Fe-FCC,100,0.56
4664,Fe-FCC,190,0.78
4682,Fe-FCC,46,0.38
4683,Fe-FCC,980,1.77
4691,Fe-FCC,645,1.43
4695,Fe-FCC,44,0.37
4706,Fe-FCC,84,0.52
4707,Fe-FCC,407,1.14
4715,Fe-FCC,41,0.36
4720,Fe-FCC,259,0.91
4722,Fe-FCC,14,0.21
4725,Fe-FCC,153,0.7
4744,Fe-FCC,317,1
4747,Fe-FCC,26,0.29
4757,Fe-FCC,569,1.35
4760,Fe-FCC,120,0.62
4771,Fe-FCC,16,0.23
4795,Fe-FCC,44,0.37
4806,Fe-FCC,259,0.91
4815,Fe-FCC,66,0.46
4820,Fe-FCC,161,0.72
4821,Fe-FCC,417,1.15
4826,Fe-FCC,866,1.66
4834,Fe-FCC,245,0.88
4837,Fe-FCC,176,0.75
4844,Fe-FCC,24,0.28
4846,Fe-FCC,772,1.57
4850,Fe-FCC,437,1.18
4851,Fe-FCC,41,0.36
4852,Fe-FCC,28,0.3
4854,Fe-FCC,1783,2.38
4856,Fe-FCC,24,0.28
4871,Fe-FCC,50,0.4
4874,Fe-FCC,96,0.55
4884,Fe-FCC,83,0.51
4886,Fe-FCC,425,1.16
4892,Fe-FCC,435,1.18
4894,Fe-FCC,35,0.33
4900,Fe-FCC,298,0.97
4903,Fe-FCC,11,0.19
4906,Fe-FCC,31,0.31
4909,Fe-FCC,650,1.44
4913,Fe-FCC,31,0.31
4914,Fe-FCC,876,1.67
4924,Fe-FCC,292,0.96
4927,Fe-FCC,840,1.64
4930,Fe-FCC,50,0.4
4941,Fe-FCC,714,1.51
4942,Fe-FCC,209,0.82
4945,Fe-FCC,114,0.6
4962,Fe-FCC,349,1.05
4968,Fe-FCC,560,1.34
4984,Fe-FCC,27,0.29
4997,Fe-FCC,34,0.33
5000,Fe-FCC,51,0.4
5002,Fe-FCC,212,0.82
5004,Fe-FCC,78,0.5
5005,Fe-FCC,204,0.81
5007,Fe-FCC,772,1.57
5010,Fe-FCC,163,0.72
5014,Fe-FCC,274,0.93
5020,Fe-FCC,104,0.58
5023,Fe-FCC,13,0.2
5024,Fe-FCC,13,0.2
5030,Fe-FCC,56,0.42
5031,Fe-FCC,86,0.52
5033,Fe-FCC,30,0.31
5040,Fe-FCC,76,0.49
5049,Fe-FCC,632,1.42
5058,Fe-FCC,129,0.64
5065,Fe-FCC,142,0.67
5068,Fe-FCC,492,1.25
5072,Fe-FCC,494,1.25
5075,Fe-FCC,436,1.18
5077,Fe-FCC,833,1.63
5079,Fe-FCC,152,0.7
5085,Fe-FCC,69,0.47
5087,Fe-FCC,124,0.63
5091,Fe-FCC,1273,2.01
5094,Fe-FCC,367,1.08
5095,Fe-FCC,209,0.82
5100,Fe-FCC,131,0.65
5101,Fe-FCC,233,0.86
5102,Fe-FCC,112,0.6
5109,Fe-FCC,243,0.88
5113,Fe-FCC,12,0.2
5116,Fe-FCC,185,0.77
5121,Fe-FCC,675,1.47
5122,Fe-FCC,1625,2.27
5128,Fe-FCC,126,0.63
5129,Fe-FCC,130,0.64
5138,Fe-FCC,29,0.3
5139,Fe-FCC,43,0.37
5147,Fe-FCC,32,0.32
5158,Fe-FCC,51,0.4
5162,Fe-FCC,29,0.3
5164,Fe-FCC,323,1.01
5175,Fe-FCC,237,0.87
5181,Fe-FCC,91,0.54
5196,Fe-FCC,14,0.21
5199,Fe-FCC,607,1.39
5208,Fe-FCC,229,0.85
5210,Fe-FCC,34,0.33
5229,Fe-FCC,313,1
5236,Fe-FCC,236,0.87
5239,Fe-FCC,130,0.64
5240,Fe-FCC,118,0.61
5242,Fe-FCC,339,1.04
5248,Fe-FCC,80,0.5
5267,Fe-FCC,101,0.57
5269,Fe-FCC,189,0.78
5273,Fe-FCC,391,1.12
5282,Fe-FCC,296,0.97
5288,Fe-FCC,432,1.17
5291,Fe-FCC,237,0.87
5293,Fe-FCC,350,1.06
5303,Fe-FCC,62,0.44
5306,Fe-FCC,2230,2.66
5314,Fe-FCC,93,0.54
5316,Fe-FCC,143,0.67
5320,Fe-FCC,30,0.31
5322,Fe-FCC,32,0.32
5325,Fe-FCC,103,0.57
5331,Fe-FCC,831,1.63
5334,Fe-FCC,955,1.74
5342,Fe-FCC,798,1.59
5347,Fe-FCC,185,0.77
5349,Fe-FCC,90,0.54
5350,Fe-FCC,521,1.29
5352,Fe-FCC,512,1.28
5355,Fe-FCC,71,0.48
5358,Fe-FCC,1412,2.12
5369,Fe-FCC,839,1.63
5376,Fe-FCC,129,0.64
5386,Fe-FCC,539,1.31
5391,Fe-FCC,87,0.53
5392,Fe-FCC,348,1.05
5400,Fe-FCC,15,0.22
5407,Fe-FCC,210,0.82
5410,Fe-FCC,22,0.26
5416,Fe-FCC,18,0.24
5424,Fe-FCC,108,0.59
5437,Fe-FCC,66,0.46
5439,Fe-FCC,36,0.34
5440,Fe-FCC,69,0.47
5442,Fe-FCC,171,0.74
5445,Fe-FCC,384,1.11
5448,Fe-FCC,232,0.86
5452,Fe-FCC,19,0.25
5455,Fe-FCC,110,0.59
5462,Fe-FCC,406,1.14
5464,Fe-FCC,320,1.01
5469,Fe-FCC,43,0.37
5470,Fe-FCC,328,1.02
5484,Fe-FCC,28,0.3
5492,Fe-FCC,117,0.61
5496,Fe-FCC,64,0.45
5502,Fe-FCC,36,0.34
5508,Fe-FCC,213,0.82
5514,Fe-FCC,93,0.54
5516,Fe-FCC,312,1
5518,Fe-FCC,123,0.63
5523,Fe-FCC,357,1.07
5524,Fe-FCC,31,0.31
5525,Fe-FCC,60,0.44
5530,Fe-FCC,98,0.56
5531,Fe-FCC,49,0.39
5534,Fe-FCC,365,1.08
5535,Fe-FCC,253,0.9
5536,Fe-FCC,123,0.63
5543,Fe-FCC,80,0.5
5553,Fe-FCC,276,0.94
5555,Fe-FCC,1064,1.84
5564,Fe-FCC,12,0.2
5566,Fe-FCC,863,1.66
5569,Fe-FCC,376,1.09
5577,Fe-FCC,213,0.82
5579,Fe-FCC,120,0.62
5580,Fe-FCC,351,1.06
5591,Fe-FCC,230,0.86
5592,Fe-FCC,55,0.42
5619,Fe-FCC,67,0.46
5626,Fe-FCC,526,1.29
5634,Fe-FCC,129,0.64
5637,Fe-FCC,66,0.46
5647,Fe-FCC,30,0.31
5650,Fe-FCC,12,0.2
5652,Fe-FCC,475,1.23
5653,Fe-FCC,293,0.97
5667,Fe-FCC,57,0.43
5668,Fe-FCC,1217,1.97
5670,Fe-FCC,199,0.8
5681,Fe-FCC,52,0.41
5686,Fe-FCC,161,0.72
5687,Fe-FCC,1088,1.86
5693,Fe-FCC,269,0.93
5694,Fe-FCC,348,1.05
5701,Fe-FCC,251,0.89
5702,Fe-FCC,48,0.39
5710,Fe-FCC,712,1.51
5715,Fe-FCC,112,0.6
5720,Fe-FCC,153,0.7
5721,Fe-FCC,134,0.65
5734,Fe-FCC,99,0.56
5737,Fe-FCC,1183,1.94
5740,Fe-FCC,20,0.25
5743,Fe-FCC,688,1.48
5750,Fe-FCC,40,0.36
5756,Fe-FCC,1426,2.13
5757,Fe-FCC,59,0.43
5766,Fe-FCC,1591,2.25
5775,Fe-FCC,190,0.78
5779,Fe-FCC,1279,2.02
5782,Fe-FCC,13,0.2
5786,Fe-FCC,44,0.37
5792,Fe-FCC,14,0.21
5798,Fe-FCC,29,0.3
5800,Fe-FCC,1150,1.91
5805,Fe-FCC,347,1.05
5810,Fe-FCC,1436,2.14
5814,Fe-FCC,532,1.3
5817,Fe-FCC,468,1.22
5821,Fe-FCC,105,0.58
5832,Fe-FCC,91,0.54
5840,Fe-FCC,596,1.38
5852,Fe-FCC,279,0.94
5854,Fe-FCC,114,0.6
5860,Fe-FCC,85,0.52
5874,Fe-FCC,339,1.04
5877,Fe-FCC,556,1.33
5878,Fe-FCC,37,0.34
5882,Fe-FCC,288,0.96
5884,Fe-FCC,44,0.37
5892,Fe-FCC,214,0.83
5903,Fe-FCC,133,0.65
5912,Fe-FCC,50,0.4
5919,Fe-FCC,421,1.16
5921,Fe-FCC,106,0.58
5924,Fe-FCC,16,0.23
5932,Fe-FCC,132,0.65
5940,Fe-FCC,191,0.78
5943,Fe-FCC,521,1.29
5957,Fe-FCC,249,0.89
5960,Fe-FCC,12,0.2
5963,Fe-FCC,34,0.33
5967,Fe-FCC,276,0.94
5968,Fe-FCC,906,1.7
5973,Fe-FCC,50,0.4
5974,Fe-FCC,314,1
5977,Fe-FCC,134,0.65
5985,Fe-FCC,11,0.19
5986,Fe-FCC,769,1.56
5991,Fe-FCC,180,0.76
5992,Fe-FCC,465,1.22
5997,Fe-FCC,117,0.61
5998,Fe-FCC,120,0.62
6002,Fe-FCC,39,0.35
6003,Fe-FCC,170,0.74
6017,Fe-FCC,189,0.78
6019,Fe-FCC,23,0.27
6020,Fe-FCC,58,0.43
6022,Fe-FCC,226,0.85
6023,Fe-FCC,120,0.62
6025,Fe-FCC,33,0.32
6026,Fe-FCC,77,0.5
6034,Fe-FCC,12,0.2
6035,Fe-FCC,127,0.64
6037,Fe-FCC,13,0.2
6038,Fe-FCC,458,1.21
6039,Fe-FCC,1117,1.89
6041,Fe-FCC,899,1.69
6042,Fe-FCC,421,1.16
6043,Fe-FCC,368,1.08
6047,Fe-FCC,345,1.05
6049,Fe-FCC,23,0.27
6052,Fe-FCC,1179,1.94
6062,Fe-FCC,313,1
6065,Fe-FCC,14,0.21
6082,Fe-FCC,65,0.45
6092,Fe-FCC,602,1.38
6095,Fe-FCC,689,1.48
6099,Fe-FCC,361,1.07
6100,Fe-FCC,248,0.89
6104,Fe-FCC,40,0.36
6107,Fe-FCC,511,1.28
6111,Fe-FCC,61,0.44
6112,Fe-FCC,234,0.86
6115,Fe-FCC,319,1.01
6118,Fe-FCC,306,0.99
6120,Fe-FCC,36,0.34
6123,Fe-FCC,20,0.25
6129,Fe-FCC,650,1.44
6135,Fe-FCC,608,1.39
6141,Fe-FCC,199,0.8
6142,Fe-FCC,95,0.55
6149,Fe-FCC,315,1
6151,Fe-FCC,80,0.5
6160,Fe-FCC,158,0.71
6169,Fe-FCC,121,0.62
6174,Fe-FCC,14,0.21
6180,Fe-FCC,50,0.4
6184,Fe-FCC,135,0.66
6190,Fe-FCC,704,1.5
6192,Fe-FCC,48,0.39
6197,Fe-FCC,65,0.45
6199,Fe-FCC,1618,2.27
6212,Fe-FCC,60,0.44
6224,Fe-FCC,217,0.83
6230,Fe-FCC,802,1.6
6233,Fe-FCC,628,1.41
6235,Fe-FCC,141,0.67
6237,Fe-FCC,371,1.09
6240,Fe-FCC,18,0.24
6241,Fe-FCC,31,0.31
6243,Fe-FCC,788,1.58
6244,Fe-FCC,130,0.64
6247,Fe-FCC,1049,1.83
6254,Fe-FCC,25,0.28
6255,Fe-FCC,22,0.26
6260,Fe-FCC,393,1.12
6266,Fe-FCC,2692,2.93
6271,Fe-FCC,36,0.34
6273,Fe-FCC,433,1.17
6278,Fe-FCC,73,0.48
6283,Fe-FCC,14,0.21
6288,Fe-FCC,874,1.67
6294,Fe-FCC,119,0.62
6297,Fe-FCC,17,0.23
6298,Fe-FCC,93,0.54
6301,Fe-FCC,517,1.28
6302,Fe-FCC,220,0.84
6309,Fe-FCC,145,0.68
6318,Fe-FCC,301,0.98
6320,Fe-FCC,33,0.32
6321,Fe-FCC,366,1.08
6331,Fe-FCC,180,0.76
6333,Fe-FCC,39,0.35
6336,Fe-FCC,38,0.35
6337,Fe-FCC,154,0.7
6340,Fe-FCC,186,0.77
6344,Fe-FCC,11,0.19
6346,Fe-FCC,38,0.35
6363,Fe-FCC,349,1.05
6366,Fe-FCC,385,1.11
6369,Fe-FCC,366,1.08
6372,Fe-FCC,311,0.99
6374,Fe-FCC,86,0.52
6380,Fe-FCC,1402,2.11
6389,Fe-FCC,252,0.9
6390,Fe-FCC,10,0.18
6392,Fe-FCC,159,0.71
6394,Fe-FCC,111,0.59
6397,Fe-FCC,221,0.84
6401,Fe-FCC,633,1.42
6403,Fe-FCC,322,1.01
6408,Fe-FCC,314,1
6414,Fe-FCC,22,0.26
6415,Fe-FCC,1228,1.98
6416,Fe-FCC,88,0.53
6417,Fe-FCC,344,1.05
6426,Fe-FCC,29,0.3
6429,Fe-FCC,400,1.13
6435,Fe-FCC,39,0.35
6445,Fe-FCC,26,0.29
6446,Fe-FCC,456,1.2
6447,Fe-FCC,14,0.21
6448,Fe-FCC,51,0.4
6455,Fe-FCC,855,1.65
6462,Fe-FCC,153,0.7
6464,Fe-FCC,15,0.22
6469,Fe-FCC,17,0.23
6470,Fe-FCC,305,0.99
6486,Fe-FCC,48,0.39
6490,Fe-FCC,1698,2.32
6495,Fe-FCC,119,0.62
6501,Fe-FCC,244,0.88
6502,Fe-FCC,1398,2.11
6504,Fe-FCC,1400,2.11
6507,Fe-FCC,1626,2.28
6508,Fe-FCC,57,0.43
6510,Fe-FCC,54,0.41
6515,Fe-FCC,92,0.54
6516,Fe-FCC,28,0.3
6518,Fe-FCC,38,0.35
6523,Fe-FCC,30,0.31
6529,Fe-FCC,10,0.18
6530,Fe-FCC,2346,2.73
6531,Fe-FCC,476,1.23
6537,Fe-FCC,106,0.58
6538,Fe-FCC,159,0.71
6540,Fe-FCC,36,0.34
6547,Fe-FCC,519,1.29
6557,Fe-FCC,27,0.29
6560,Fe-FCC,12,0.2
6561,Fe-FCC,32,0.32
6563,Fe-FCC,1705,2.33
6568,Fe-FCC,498,1.26
6577,Fe-FCC,11,0.19
6579,Fe-FCC,154,0.7
6584,Fe-FCC,33,0.32
6585,Fe-FCC,146,0.68
6586,Fe-FCC,307,0.99
6591,Fe-FCC,1956,2.5
6592,Fe-FCC,10,0.18
6600,Fe-FCC,286,0.95
6602,Fe-FCC,16,0.23
6604,Fe-FCC,27,0.29
6607,Fe-FCC,448,1.19
6610,Fe-FCC,271,0.93
6614,Fe-FCC,11,0.19
6616,Fe-FCC,15,0.22
6625,Fe-FCC,132,0.65
6632,Fe-FCC,702,1.49
6642,Fe-FCC,177,0.75
6648,Fe-FCC,70,0.47
6657,Fe-FCC,462,1.21
6670,Fe-FCC,1767,2.37
6679,Fe-FCC,203,0.8
6682,Fe-FCC,81,0.51
6690,Fe-FCC,58,0.43
6694,Fe-FCC,156,0.7
6696,Fe-FCC,649,1.44
6697,Fe-FCC,24,0.28
6698,Fe-FCC,72,0.48
6701,Fe-FCC,301,0.98
6703,Fe-FCC,219,0.83
6705,Fe-FCC,10,0.18
6708,Fe-FCC,25,0.28
6710,Fe-FCC,239,0.87
6714,Fe-FCC,579,1.36
6715,Fe-FCC,141,0.67
6722,Fe-FCC,579,1.36
6727,Fe-FCC,387,1.11
6732,Fe-FCC,382,1.1
6735,Fe-FCC,195,0.79
6736,Fe-FCC,24,0.28
6742,Fe-FCC,100,0.56
6744,Fe-FCC,341,1.04
6746,Fe-FCC,821,1.62
6752,Fe-FCC,193,0.78
6755,Fe-FCC,24,0.28
6767,Fe-FCC,608,1.39
6768,Fe-FCC,44,0.37
6777,Fe-FCC,1682,2.31
6782,Fe-FCC,359,1.07
6786,Fe-FCC,280,0.94
6788,Fe-FCC,23,0.27
6793,Fe-FCC,639,1.43
6802,Fe-FCC,448,1.19
6806,Fe-FCC,146,0.68
6814,Fe-FCC,39,0.35
6824,Fe-FCC,76,0.49
6831,Fe-FCC,15,0.22
6832,Fe-FCC,897,1.69
6850,Fe-FCC,116,0.61
6851,Fe-FCC,120,0.62
6856,Fe-FCC,92,0.54
6859,Fe-FCC,11,0.19
6862,Fe-FCC,59,0.43
6864,Fe-FCC,449,1.2
6869,Fe-FCC,152,0.7
6870,Fe-FCC,74,0.49
6871,Fe-FCC,417,1.15
6875,Fe-FCC,235,0.86
6877,Fe-FCC,84,0.52
6881,Fe-FCC,218,0.83
6885,Fe-FCC,10,0.18
6886,Fe-FCC,90,0.54
6890,Fe-FCC,35,0.33
6891,Fe-FCC,110,0.59
6894,Fe-FCC,50,0.4
6896,Fe-FCC,383,1.1
6900,Fe-FCC,54,0.41
6907,Fe-FCC,30,0.31
6909,Fe-FCC,1219,1.97
6916,Fe-FCC,263,0.91
6917,Fe-FCC,33,0.32
6923,Fe-FCC,470,1.22
6928,Fe-FCC,132,0.65
6932,Fe-FCC,70,0.47
6934,Fe-FCC,474,1.23
6939,Fe-FCC,41,0.36
6941,Fe-FCC,358,1.07
6951,Fe-FCC,192,0.78
6957,Fe-FCC,110,0.59
6958,Fe-FCC,541,1.31
6959,Fe-FCC,13,0.2
6963,Fe-FCC,335,1.03
6964,Fe-FCC,80,0.5
6965,Fe-FCC,510,1.27
6972,Fe-FCC,120,0.62
6976,Fe-FCC,74,0.49
6980,Fe-FCC,85,0.52
6986,Fe-FCC,2142,2.61
6991,Fe-FCC,42,0.37
6993,Fe-FCC,268,0.92
6999,Fe-FCC,141,0.67
7003,Fe-FCC,15,0.22
7008,Fe-FCC,21,0.26
7011,Fe-FCC,12,0.2
7019,Fe-FCC,302,0.98
7024,Fe-FCC,96,0.55
7026,Fe-FCC,48,0.39
7033,Fe-FCC,231,0.86
7037,Fe-FCC,64,0.45
7038,Fe-FCC,1056,1.83
7040,Fe-FCC,104,0.58
7043,Fe-FCC,188,0.77
7045,Fe-FCC,1054,1.83
7049,Fe-FCC,385,1.11
7052,Fe-FCC,53,0.41
7053,Fe-FCC,147,0.68
7054,Fe-FCC,140,0.67
7059,Fe-FCC,107,0.58
7060,Fe-FCC,25,0.28
7062,Fe-FCC,206,0.81
7064,Fe-FCC,263,0.91
7069,Fe-FCC,89,0.53
7072,Fe-FCC,118,0.61
7082,Fe-FCC,84,0.52
7084,Fe-FCC,75,0.49
7086,Fe-FCC,28,0.3
7088,Fe-FCC,52,0.41
7096,Fe-FCC,38,0.35
7118,Fe-FCC,75,0.49
7134,Fe-FCC,951,1.74
7145,Fe-FCC,878,1.67
7151,Fe-FCC,265,0.92
7155,Fe-FCC,114,0.6
7159,Fe-FCC,389,1.11
7162,Fe-FCC,28,0.3
7169,Fe-FCC,22,0.26
7173,Fe-FCC,207,0.81
7175,Fe-FCC,47,0.39
7176,Fe-FCC,56,0.42
7177,Fe-FCC,148,0.69
7179,Fe-FCC,464,1.22
7184,Fe-FCC,708,1.5
7185,Fe-FCC,545,1.32
7188,Fe-FCC,1491,2.18
7191,Fe-FCC,1591,2.25
7192,Fe-FCC,118,0.61
7198,Fe-FCC,85,0.52
7209,Fe-FCC,613,1.4
7214,Fe-FCC,48,0.39
7217,Fe-FCC,112,0.6
7220,Fe-FCC,189,0.78
7229,Fe-FCC,33,0.32
7231,Fe-FCC,52,0.41
7232,Fe-FCC,40,0.36
7237,Fe-FCC,393,1.12
7239,Fe-FCC,140,0.67
7241,Fe-FCC,373,1.09
7242,Fe-FCC,30,0.31
7244,Fe-FCC,35,0.33
7251,Fe-FCC,282,0.95
7261,Fe-FCC,616,1.4
7262,Fe-FCC,85,0.52
7264,Fe-FCC,355,1.06
7265,Fe-FCC,133,0.65
7270,Fe-FCC,558,1.33
7274,Fe-FCC,878,1.67
7285,Fe-FCC,195,0.79
7286,Fe-FCC,1516,2.2
7289,Fe-FCC,21,0.26
7296,Fe-FCC,133,0.65
7299,Fe-FCC,690,1.48
7306,Fe-FCC,48,0.39
7308,Fe-FCC,131,0.65
7309,Fe-FCC,206,0.81
7317,Fe-FCC,14,0.21
7325,Fe-FCC,25,0.28
7327,Fe-FCC,903,1.7
7331,Fe-FCC,146,0.68
7332,Fe-FCC,117,0.61
7337,Fe-FCC,76,0.49
7346,Fe-FCC,341,1.04
7352,Fe-FCC,115,0.61
7353,Fe-FCC,47,0.39
7365,Fe-FCC,79,0.5
7366,Fe-FCC,47,0.39
7368,Fe-FCC,26,0.29
7371,Fe-FCC,56,0.42
7378,Fe-FCC,254,0.9
7390,Fe-FCC,1271,2.01
7396,Fe-FCC,690,1.48
7399,Fe-FCC,46,0.38
7403,Fe-FCC,42,0.37
7405,Fe-FCC,201,0.8
7408,Fe-FCC,15,0.22
7409,Fe-FCC,12,0.2
7414,Fe-FCC,521,1.29
7416,Fe-FCC,2048,2.55
7427,Fe-FCC,164,0.72
7431,Fe-FCC,354,1.06
7435,Fe-FCC,2182,2.64
7438,Fe-FCC,98,0.56
7441,Fe-FCC,981,1.77
7446,Fe-FCC,48,0.39
7448,Fe-FCC,450,1.2
7450,Fe-FCC,75,0.49
7453,Fe-FCC,309,0.99
7464,Fe-FCC,179,0.75
7475,Fe-FCC,983,1.77
7478,Fe-FCC,19,0.25
7492,Fe-FCC,57,0.43
7494,Fe-FCC,34,0.33
7502,Fe-FCC,27,0.29
7509,Fe-FCC,66,0.46
7511,Fe-FCC,51,0.4
7516,Fe-FCC,857,1.65
7520,Fe-FCC,595,1.38
7525,Fe-FCC,729,1.52
7527,Fe-FCC,32,0.32
7533,Fe-FCC,440,1.18
7535,Fe-FCC,393,1.12
7539,Fe-FCC,112,0.6
7541,Fe-FCC,72,0.48
7548,Fe-FCC,136,0.66
7549,Fe-FCC,93,0.54
7552,Fe-FCC,146,0.68
7554,Fe-FCC,352,1.06
7555,Fe-FCC,35,0.33
7560,Fe-FCC,5750,4.28
7562,Fe-FCC,60,0.44
7566,Fe-FCC,90,0.54
7571,Fe-FCC,230,0.86
7585,Fe-FCC,235,0.86
7586,Fe-FCC,766,1.56
7587,Fe-FCC,147,0.68
7595,Fe-FCC,80,0.5
7602,Fe-FCC,568,1.34
7609,Fe-FCC,12,0.2
7614,Fe-FCC,28,0.3
7615,Fe-FCC,88,0.53
7619,Fe-FCC,257,0.9
7622,Fe-FCC,68,0.47
7625,Fe-FCC,1466,2.16
7628,Fe-FCC,1242,1.99
7636,Fe-FCC,18,0.24
7643,Fe-FCC,20,0.25
7645,Fe-FCC,52,0.41
7648,Fe-FCC,40,0.36
7651,Fe-FCC,1517,2.2
7653,Fe-FCC,55,0.42
7655,Fe-FCC,366,1.08
7657,Fe-FCC,2904,3.04
7664,Fe-FCC,6453,4.53
7666,Fe-FCC,86,0.52
7674,Fe-FCC,2046,2.55
7678,Fe-FCC,50,0.4
7679,Fe-FCC,182,0.76
7682,Fe-FCC,19,0.25
7685,Fe-FCC,64,0.45
7694,Fe-FCC,590,1.37
7697,Fe-FCC,35,0.33
7708,Fe-FCC,108,0.59
7716,Fe-FCC,232,0.86
7718,Fe-FCC,811,1.61
7721,Fe-FCC,15,0.22
7723,Fe-FCC,5817,4.3
7726,Fe-FCC,20,0.25
7736,Fe-FCC,162,0.72
7737,Fe-FCC,285,0.95
7739,Fe-FCC,28,0.3
7744,Fe-FCC,758,1.55
7757,Fe-FCC,1745,2.36
7772,Fe-FCC,90,0.54
7773,Fe-FCC,60,0.44
7776,Fe-FCC,362,1.07
7793,Fe-FCC,129,0.64
7798,Fe-FCC,10,0.18
7801,Fe-FCC,111,0.59
7808,Fe-FCC,31,0.31
7809,Fe-FCC,1031,1.81
7819,Fe-FCC,254,0.9
7820,Fe-FCC,343,1.04
7827,Fe-FCC,22,0.26
7839,Fe-FCC,68,0.47
7841,Fe-FCC,35,0.33
7861,Fe-FCC,56,0.42
7862,Fe-FCC,86,0.52
7865,Fe-FCC,14,0.21
7868,Fe-FCC,3083,3.13
7872,Fe-FCC,370,1.09
7873,Fe-FCC,265,0.92
7882,Fe-FCC,534,1.3
7887,Fe-FCC,115,0.61
7894,Fe-FCC,86,0.52
7896,Fe-FCC,67,0.46
7919,Fe-FCC,82,0.51
7921,Fe-FCC,482,1.24
7931,Fe-FCC,59,0.43
7936,Fe-FCC,2093,2.58
7945,Fe-FCC,124,0.63
7965,Fe-FCC,89,0.53
7966,Fe-FCC,356,1.06
7967,Fe-FCC,270,0.93
7968,Fe-FCC,290,0.96
7971,Fe-FCC,145,0.68
7972,Fe-FCC,932,1.72
7976,Fe-FCC,343,1.04
8011,Fe-FCC,246,0.88
8017,Fe-FCC,298,0.97
8022,Fe-FCC,108,0.59
8033,Fe-FCC,78,0.5
8040,Fe-FCC,87,0.53
8062,Fe-FCC,83,0.51
8071,Fe-FCC,206,0.81
8080,Fe-FCC,265,0.92
8095,Fe-FCC,247,0.89
8096,Fe-FCC,4699,3.87
8097,Fe-FCC,35,0.33
8105,Fe-FCC,34,0.33
8109,Fe-FCC,383,1.1
8118,Fe-FCC,789,1.58
8121,Fe-FCC,265,0.92
8123,Fe-FCC,266,0.92
8129,Fe-FCC,444,1.19
8141,Fe-FCC,179,0.75
8170,Fe-FCC,747,1.54
8174,Fe-FCC,1009,1.79
8189,Fe-FCC,182,0.76
8196,Fe-FCC,175,0.75
8197,Fe-FCC,492,1.25
8214,Fe-FCC,150,0.69
8220,Fe-FCC,251,0.89
8222,Fe-FCC,735,1.53
8230,Fe-FCC,464,1.22
8232,Fe-FCC,559,1.33
8241,Fe-FCC,19,0.25
8246,Fe-FCC,465,1.22
8261,Fe-FCC,2337,2.73
8269,Fe-FCC,3350,3.27
8270,Fe-FCC,62,0.44
8273,Fe-FCC,10,0.18
8286,Fe-FCC,3231,3.21
8298,Fe-FCC,197,0.79
8301,Fe-FCC,66,0.46
8317,Fe-FCC,502,1.26
8318,Fe-FCC,237,0.87
8322,Fe-FCC,1062,1.84
8328,Fe-FCC,2895,3.04
8336,Fe-FCC,238,0.87
8361,Fe-FCC,618,1.4
8375,Fe-FCC,299,0.98
8385,Fe-FCC,51,0.4
8395,Fe-FCC,34,0.33
8406,Fe-FCC,68,0.47
8417,Fe-FCC,102,0.57
8422,Fe-FCC,222,0.84
8431,Fe-FCC,43,0.37
8434,Fe-FCC,513,1.28
8442,Fe-FCC,216,0.83
8448,Fe-FCC,486,1.24
8451,Fe-FCC,98,0.56
8465,Fe-FCC,295,0.97
8467,Fe-FCC,182,0.76
8468,Fe-FCC,59,0.43
8477,Fe-FCC,20,0.25
8481,Fe-FCC,59,0.43
8483,Fe-FCC,2733,2.95
8484,Fe-FCC,32,0.32
8485,Fe-FCC,834,1.63
8489,Fe-FCC,103,0.57
8498,Fe-FCC,940,1.73
8502,Fe-FCC,359,1.07
8515,Fe-FCC,188,0.77
8531,Fe-FCC,205,0.81
8535,Fe-FCC,1367,2.09
8536,Fe-FCC,388,1.11
8540,Fe-FCC,1508,2.19
8557,Fe-FCC,40,0.36
8558,Fe-FCC,680,1.47
8562,Fe-FCC,955,1.74
8563,Fe-FCC,453,1.2
8565,Fe-FCC,413,1.15
8568,Fe-FCC,152,0.7
8574,Fe-FCC,1232,1.98
8593,Fe-FCC,385,1.11
8594,Fe-FCC,1026,1.81
8595,Fe-FCC,185,0.77
8604,Fe-FCC,577,1.36
8618,Fe-FCC,167,0.73
8626,Fe-FCC,1289,2.03
8629,Fe-FCC,106,0.58
8644,Fe-FCC,87,0.53
8649,Fe-FCC,459,1.21
8650,Fe-FCC,266,0.92
8656,Fe-FCC,742,1.54
8657,Fe-FCC,14,0.21
8663,Fe-FCC,2208,2.65
8676,Fe-FCC,334,1.03
8680,Fe-FCC,1124,1.89
8684,Fe-FCC,36,0.34
8692,Fe-FCC,44,0.37
8694,Fe-FCC,51,0.4
8704,Fe-FCC,24,0.28
8713,Fe-FCC,268,0.92
8724,Fe-FCC,1007,1.79
8731,Fe-FCC,215,0.83
8737,Fe-FCC,32,0.32
8740,Fe-FCC,407,1.14
8753,Fe-FCC,53,0.41
8754,Fe-FCC,929,1.72
8757,Fe-FCC,43,0.37
8774,Fe-FCC,133,0.65
8778,Fe-FCC,1464,2.16
8779,Fe-FCC,2551,2.85
8784,Fe-FCC,589,1.37
8787,Fe-FCC,1682,2.31
8790,Fe-FCC,120,0.62
8795,Fe-FCC,97,0.56
8800,Fe-FCC,165,0.72
8802,Fe-FCC,119,0.62
8806,Fe-FCC,220,0.84
8808,Fe-FCC,36,0.34
8810,Fe-FCC,15,0.22
8818,Fe-FCC,101,0.57
8820,Fe-FCC,152,0.7
8823,Fe-FCC,41,0.36
8831,Fe-FCC,2402,2.77
8833,Fe-FCC,714,1.51
8836,Fe-FCC,744,1.54
8837,Fe-FCC,547,1.32
8844,Fe-FCC,172,0.74
8847,Fe-FCC,696,1.49
8851,Fe-FCC,262,0.91
8856,Fe-FCC,38,0.35
8860,Fe-FCC,48,0.39
8869,Fe-FCC,472,1.23
8875,Fe-FCC,755,1.55
8876,Fe-FCC,451,1.2
8877,Fe-FCC,93,0.54
8881,Fe-FCC,816,1.61
8884,Fe-FCC,778,1.57
8889,Fe-FCC,66,0.46
8901,Fe-FCC,78,0.5
8904,Fe-FCC,595,1.38
8907,Fe-FCC,285,0.95
8914,Fe-FCC,62,0.44
8918,Fe-FCC,434,1.18
8920,Fe-FCC,342,1.04
8922,Fe-FCC,13,0.2
8925,Fe-FCC,569,1.35
8936,Fe-FCC,256,0.9
8945,Fe-FCC,96,0.55
8946,Fe-FCC,108,0.59
8947,Fe-FCC,319,1.01
8951,Fe-FCC,21,0.26
8956,Fe-FCC,117,0.61
8959,Fe-FCC,358,1.07
8961,Fe-FCC,288,0.96
8968,Fe-FCC,50,0.4
8971,Fe-FCC,136,0.66
8973,Fe-FCC,140,0.67
8981,Fe-FCC,20,0.25
8997,Fe-FCC,1590,2.25
8999,Fe-FCC,1537,2.21
9007,Fe-FCC,60,0.44
9008,Fe-FCC,12,0.2
9011,Fe-FCC,1355,2.08
9024,Fe-FCC,901,1.69
9031,Fe-FCC,2412,2.77
9035,Fe-FCC,189,0.78
9036,Fe-FCC,102,0.57
9043,Fe-FCC,159,0.71
9055,Fe-FCC,60,0.44
9056,Fe-FCC,758,1.55
9062,Fe-FCC,65,0.45
9063,Fe-FCC,648,1.44
9075,Fe-FCC,1686,2.32
9078,Fe-FCC,1504,2.19
9080,Fe-FCC,23,0.27
9081,Fe-FCC,145,0.68
9087,Fe-FCC,866,1.66
9090,Fe-FCC,65,0.45
9097,Fe-FCC,839,1.63
9098,Fe-FCC,658,1.45
9101,Fe-FCC,102,0.57
9112,Fe-FCC,45,0.38
9116,Fe-FCC,114,0.6
9124,Fe-FCC,115,0.61
9143,Fe-FCC,16,0.23
9152,Fe-FCC,31,0.31
9155,Fe-FCC,142,0.67
9171,Fe-FCC,789,1.58
9173,Fe-FCC,46,0.38
9175,Fe-FCC,793,1.59
9176,Fe-FCC,69,0.47
9179,Fe-FCC,483,1.24
9183,Fe-FCC,307,0.99
9184,Fe-FCC,172,0.74
9185,Fe-FCC,54,0.41
9189,Fe-FCC,46,0.38
9193,Fe-FCC,439,1.18
9195,Fe-FCC,110,0.59
9197,Fe-FCC,631,1.42
9203,Fe-FCC,112,0.6
9207,Fe-FCC,1593,2.25
9210,Fe-FCC,44,0.37
9213,Fe-FCC,197,0.79
9214,Fe-FCC,1164,1.92
9216,Fe-FCC,338,1.04
9222,Fe-FCC,203,0.8
9239,Fe-FCC,11,0.19
9248,Fe-FCC,102,0.57
9269,Fe-FCC,1327,2.06
9277,Fe-FCC,93,0.54
9279,Fe-FCC,909,1.7
9282,Fe-FCC,837,1.63
9283,Fe-FCC,2265,2.69
9288,Fe-FCC,376,1.09
9289,Fe-FCC,220,0.84
9296,Fe-FCC,228,0.85
9305,Fe-FCC,1472,2.16
9321,Fe-FCC,496,1.26
9323,Fe-FCC,51,0.4
9324,Fe-FCC,48,0.39
9327,Fe-FCC,1339,2.06
9338,Fe-FCC,338,1.04
9339,Fe-FCC,1639,2.28
9344,Fe-FCC,26,0.29
9347,Fe-FCC,15,0.22
9348,Fe-FCC,71,0.48
9349,Fe-FCC,135,0.66
9381,Fe-FCC,278,0.94
9396,Fe-FCC,2690,2.93
9403,Fe-FCC,2663,2.91
9412,Fe-FCC,341,1.04
9413,Fe-FCC,772,1.57
9414,Fe-FCC,16,0.23
9421,Fe-FCC,94,0.55
9425,Fe-FCC,18,0.24
9431,Fe-FCC,75,0.49
9432,Fe-FCC,962,1.75
9434,Fe-FCC,770,1.57
9435,Fe-FCC,101,0.57
9462,Fe-FCC,383,1.1
9464,Fe-FCC,129,0.64
9470,Fe-FCC,142,0.67
9477,Fe-FCC,253,0.9
9478,Fe-FCC,354,1.06
9493,Fe-FCC,374,1.09
9501,Fe-FCC,622,1.41
9503,Fe-FCC,554,1.33
9504,Fe-FCC,184,0.77
9508,Fe-FCC,100,0.56
9509,Fe-FCC,159,0.71
9510,Fe-FCC,431,1.17
9515,Fe-FCC,1135,1.9
9517,Fe-FCC,949,1.74
9540,Fe-FCC,555,1.33
9541,Fe-FCC,15,0.22
9550,Fe-FCC,768,1.56
9552,Fe-FCC,1164,1.92
9553,Fe-FCC,65,0.45
9555,Fe-FCC,576,1.35
9561,Fe-FCC,262,0.91
9565,Fe-FCC,69,0.47
9576,Fe-FCC,221,0.84
9579,Fe-FCC,586,1.37
9589,Fe-FCC,352,1.06
9591,Fe-FCC,25,0.28
9603,Fe-FCC,207,0.81
9610,Fe-FCC,448,1.19
9627,Fe-FCC,304,0.98
9631,Fe-FCC,636,1.42
9637,Fe-FCC,410,1.14
9638,Fe-FCC,251,0.89
9639,Fe-FCC,385,1.11
9646,Fe-FCC,16,0.23
9648,Fe-FCC,32,0.32
9649,Fe-FCC,174,0.74
9650,Fe-FCC,994,1.78
9652,Fe-FCC,10,0.18
9661,Fe-FCC,74,0.49
9671,Fe-FCC,673,1.46
9673,Fe-FCC,723,1.52
9674,Fe-FCC,101,0.57
9689,Fe-FCC,93,0.54
9698,Fe-FCC,333,1.03
9712,Fe-FCC,150,0.69
9714,Fe-FCC,18,0.24
9720,Fe-FCC,826,1.62
9724,Fe-FCC,1466,2.16
9725,Fe-FCC,222,0.84
9737,Fe-FCC,628,1.41
9738,Fe-FCC,104,0.58
9741,Fe-FCC,467,1.22
9751,Fe-FCC,1400,2.11
9754,Fe-FCC,74,0.49
9761,Fe-FCC,403,1.13
9763,Fe-FCC,749,1.54
9765,Fe-FCC,12,0.2
9766,Fe-FCC,75,0.49
9767,Fe-FCC,164,0.72
9771,Fe-FCC,1190,1.95
9772,Fe-FCC,1220,1.97
9775,Fe-FCC,458,1.21
9784,Fe-FCC,13,0.2
9786,Fe-FCC,773,1.57
9787,Fe-FCC,482,1.24
9797,Fe-FCC,102,0.57
9798,Fe-FCC,104,0.58
9803,Fe-FCC,72,0.48
9805,Fe-FCC,856,1.65
9808,Fe-FCC,41,0.36
9809,Fe-FCC,131,0.65
9821,Fe-FCC,703,1.5
9822,Fe-FCC,391,1.12
9823,Fe-FCC,167,0.73
9829,Fe-FCC,425,1.16
9839,Fe-FCC,339,1.04
9845,Fe-FCC,517,1.28
9848,Fe-FCC,256,0.9
9855,Fe-FCC,388,1.11
9874,Fe-FCC,311,0.99
9878,Fe-FCC,361,1.07
9880,Fe-FCC,19,0.25
9884,Fe-FCC,26,0.29
9894,Fe-FCC,138,0.66
9902,Fe-FCC,289,0.96
9907,Fe-FCC,93,0.54
9908,Fe-FCC,56,0.42
9911,Fe-FCC,49,0.39
9918,Fe-FCC,13,0.2
9921,Fe-FCC,173,0.74
9922,Fe-FCC,203,0.8
9926,Fe-FCC,62,0.44
9928,Fe-FCC,22,0.26
9938,Fe-FCC,92,0.54
9943,Fe-FCC,21,0.26
9954,Fe-FCC,121,0.62
9961,Fe-FCC,109,0.59
9962,Fe-FCC,162,0.72
9969,Fe-FCC,133,0.65
9973,Fe-FCC,30,0.31
9975,Fe-FCC,43,0.37
9977,Fe-FCC,59,0.43
9978,Fe-FCC,14,0.21
9981,Fe-FCC,45,0.38
9989,Fe-FCC,113,0.6
9994,Fe-FCC,84,0.52
9995,Fe-FCC,12,0.2
9999,Fe-FCC,45,0.38
10000,Fe-FCC,102,0.57
10002,Fe-FCC,20,0.25
10007,Fe-FCC,25,0.28
10013,Fe-FCC,55,0.42
10014,Fe-FCC,32,0.32
10021,Fe-FCC,11,0.19
